# forward + slight turn, with live EKF
# started 2026-09-29 15:01:08
t_host,x,y,th,vL,vR,wL,wR,bat,temp,fb_age,wd,or,imu_yaw,ekf_x,ekf_y,ekf_th,ekf_v,ekf_w,ekf_Pxx,ekf_Pyy,ekf_Pthth
1790690477.772985,0.000000,0.000000,0.000000,0.0000,0.0000,0.0000,0.0000,38.02,26.7,1,0,0,-0.28,0.000000,0.000000,0.000000,0.0000,0.0000,0.000000,0.000000,0.000000
1790690477.876168,0.000000,0.000000,0.000000,0.0000,0.0000,0.0000,0.0000,37.65,26.9,1,0,0,-0.28,0.000000,0.000000,0.000000,0.0000,0.0000,0.000000,0.000000,0.000000
1790690477.971421,0.000000,0.000000,0.000000,0.0000,0.0000,0.0000,0.0000,37.65,26.9,12,0,0,-0.27,0.000000,0.000000,0.000000,0.0000,0.0000,1.001113,1.001032,0.000400
1790690478.074864,0.000000,0.000000,0.000000,0.0000,0.0000,0.0000,0.0000,37.65,26.9,1,0,0,-0.33,0.000000,0.000000,0.000122,0.0000,0.0000,1.002112,1.001984,0.000280
1790690478.179651,0.008000,0.000000,0.004000,0.0950,0.1810,1.1470,2.1890,37.65,26.9,13,0,0,-1.09,0.000000,0.000000,-0.000557,0.0000,-0.0002,1.003182,1.003019,0.000274
1790690478.279455,0.032000,-0.000000,-0.007000,0.2580,0.2920,3.1270,3.5440,37.65,26.9,1,0,0,-1.49,0.003987,-0.000001,-0.011297,0.1020,-0.1053,1.004259,1.004067,0.000273
1790690478.374712,0.062000,-0.000000,-0.013000,0.2920,0.3180,3.5440,3.8570,37.62,27.1,1,0,0,-1.86,0.018921,-0.000155,-0.020991,0.2287,-0.0806,1.005283,1.005065,0.000270
1790690478.474785,0.092000,-0.001000,-0.019000,0.2840,0.3180,3.4400,3.8570,37.62,27.1,11,0,0,-2.26,0.042740,-0.000644,-0.027673,0.2840,-0.0618,1.006259,1.006017,0.000267
1790690478.569699,0.121000,-0.001000,-0.025000,0.2750,0.3100,3.3360,3.7530,37.62,27.1,8,0,0,-2.79,0.071603,-0.001447,-0.034360,0.2964,-0.0641,1.007284,1.007018,0.000270
1790690478.679025,0.150000,-0.002000,-0.033000,0.2580,0.3100,3.1270,3.7530,37.62,27.1,7,0,0,-3.66,0.099618,-0.002440,-0.042711,0.2936,-0.0667,1.008256,1.007968,0.000266
1790690478.778607,0.179000,-0.003000,-0.046000,0.2490,0.3180,3.0230,3.8570,37.62,27.1,17,0,0,-4.59,0.131424,-0.003878,-0.056476,0.2865,-0.0893,1.009378,1.009062,0.000275
1790690478.866068,0.208000,-0.005000,-0.059000,0.2670,0.3270,3.2320,3.9610,37.62,27.1,5,0,0,-5.31,0.159820,-0.005567,-0.072404,0.2843,-0.1179,1.010399,1.010058,0.000270
1790690478.964266,0.237000,-0.007000,-0.068000,0.2670,0.3180,3.2320,3.8570,37.62,27.1,5,0,0,-5.88,0.184948,-0.007434,-0.086007,0.2933,-0.1174,1.011294,1.010933,0.000261
1790690479.076718,0.267000,-0.009000,-0.075000,0.2920,0.3100,3.5440,3.7530,37.62,27.1,2,0,0,-6.39,0.213625,-0.009913,-0.097503,0.2927,-0.1056,1.012299,1.011915,0.000268
1790690479.172103,0.295000,-0.011000,-0.084000,0.2670,0.3100,3.2320,3.7530,37.62,27.1,2,0,0,-6.92,0.246611,-0.013131,-0.106867,0.2989,-0.0604,1.013454,1.013040,0.000277
1790690479.272741,0.324000,-0.014000,-0.091000,0.2670,0.3100,3.2320,3.7530,37.62,27.1,2,0,0,-7.20,0.274679,-0.016169,-0.115006,0.2914,-0.0746,1.014431,1.013995,0.000268
1790690479.367506,0.352000,-0.016000,-0.099000,0.2670,0.3100,3.2320,3.7530,37.62,27.1,11,0,0,-7.78,0.303732,-0.019506,-0.121409,0.2893,-0.0791,1.015462,1.015002,0.000270
1790690479.477259,0.382000,-0.019000,-0.108000,0.2670,0.3100,3.2320,3.7530,37.62,27.1,1,0,0,-8.38,0.330920,-0.022842,-0.130262,0.2887,-0.0816,1.016432,1.015950,0.000266
1790690479.575985,0.411000,-0.023000,-0.117000,0.2750,0.2920,3.3360,3.5440,37.62,27.1,2,0,0,-8.98,0.362330,-0.026977,-0.140710,0.2886,-0.0826,1.017558,1.017049,0.000276
1790690479.666511,0.440000,-0.026000,-0.126000,0.2670,0.2920,3.2320,3.5440,37.62,27.1,11,0,0,-9.64,0.390396,-0.030994,-0.150437,0.2849,-0.0527,1.018570,1.018037,0.000270
1790690479.776105,0.470000,-0.030000,-0.136000,0.2750,0.2920,3.3360,3.5440,37.62,27.1,1,0,0,-10.28,0.415741,-0.034913,-0.160539,0.2810,-0.0517,1.019496,1.018943,0.000263
1790690479.868429,0.498000,-0.034000,-0.145000,0.2670,0.3180,3.2320,3.8570,37.62,27.1,10,0,0,-10.91,0.446196,-0.039927,-0.171770,0.2829,-0.0416,1.020620,1.020040,0.000275
1790690479.976082,0.527000,-0.039000,-0.153000,0.2670,0.3180,3.2320,3.8570,37.62,27.1,8,0,0,-11.48,0.472167,-0.044509,-0.182682,0.2898,-0.0776,1.021565,1.020964,0.000265
1790690480.074546,0.556000,-0.043000,-0.161000,0.2670,0.3100,3.2320,3.7530,37.62,27.1,8,0,0,-12.01,0.502912,-0.050226,-0.194256,0.2918,-0.0912,1.022668,1.022042,0.000274
1790690480.178794,0.584000,-0.048000,-0.169000,0.2670,0.3100,3.2320,3.7530,37.62,27.1,7,0,0,-12.59,0.531013,-0.055772,-0.204164,0.2894,-0.0862,1.023677,1.023027,0.000269
1790690480.275212,0.613000,-0.053000,-0.178000,0.2670,0.3100,3.2320,3.7530,37.62,27.1,6,0,0,-13.17,0.560528,-0.061900,-0.214277,0.2887,-0.0843,1.024745,1.024071,0.000273
1790690480.377462,0.642000,-0.058000,-0.186000,0.2750,0.3180,3.3360,3.8570,37.62,27.1,6,0,0,-13.80,0.587719,-0.067843,-0.224110,0.2886,-0.0838,1.025732,1.025037,0.000268
1790690480.470881,0.671000,-0.064000,-0.195000,0.2750,0.3100,3.3360,3.7530,37.59,27.1,5,0,0,-14.38,0.616688,-0.074477,-0.234897,0.2944,-0.0837,1.026779,1.026061,0.000271
1790690480.569898,0.700000,-0.070000,-0.202000,0.2750,0.3180,3.3360,3.8570,37.59,27.1,4,0,0,-14.96,0.643378,-0.080902,-0.244815,0.2930,-0.0745,1.027734,1.026997,0.000266
1790690480.676859,0.728000,-0.076000,-0.210000,0.2750,0.3180,3.3360,3.8570,37.59,27.1,4,0,0,-15.49,0.671608,-0.087991,-0.254964,0.2956,-0.0803,1.028747,1.027988,0.000269
1790690480.780861,0.757000,-0.082000,-0.218000,0.2670,0.3100,3.2320,3.7530,37.59,27.1,3,0,0,-16.06,0.702220,-0.095988,-0.264881,0.2963,-0.0821,1.029843,1.029060,0.000274
1790690480.877369,0.785000,-0.088000,-0.225000,0.2670,0.3180,3.2320,3.8570,37.59,27.1,2,0,0,-16.64,0.731747,-0.104018,-0.274783,0.2905,-0.0828,1.030908,1.030102,0.000273
1790690480.981162,0.814000,-0.095000,-0.233000,0.2670,0.3270,3.2320,3.9610,37.59,27.1,2,0,0,-17.22,0.758779,-0.111662,-0.284756,0.2920,-0.0926,1.031896,1.031069,0.000268
1790690481.083396,0.842000,-0.102000,-0.242000,0.2750,0.3180,3.3360,3.8570,37.59,27.1,1,0,0,-17.86,0.787990,-0.120219,-0.295441,0.2957,-0.1068,1.032958,1.032110,0.000272
1790690481.180551,0.871000,-0.109000,-0.250000,0.2750,0.2920,3.3360,3.5440,37.59,27.1,1,0,0,-18.45,0.816927,-0.129037,-0.306466,0.2963,-0.0920,1.034004,1.033135,0.000272
1790690481.279286,0.900000,-0.117000,-0.259000,0.2670,0.2840,3.2320,3.4400,37.59,27.1,2,0,0,-19.10,0.844035,-0.137650,-0.316040,0.2870,-0.0563,1.034998,1.034109,0.000268
1790690481.380438,0.928000,-0.124000,-0.266000,0.2750,0.3180,3.3360,3.8570,37.59,27.1,11,0,0,-19.72,0.870654,-0.146429,-0.326012,0.2786,-0.0434,1.036007,1.035099,0.000269
1790690481.480040,0.956000,-0.132000,-0.275000,0.2670,0.3180,3.2320,3.8570,37.62,27.1,10,0,0,-20.35,0.897782,-0.155674,-0.336753,0.2917,-0.0693,1.037042,1.036113,0.000271
1790690481.577817,0.984000,-0.140000,-0.282000,0.2750,0.3100,3.3360,3.7530,37.62,27.1,8,0,0,-20.92,0.925208,-0.165334,-0.348376,0.2923,-0.0882,1.038060,1.037112,0.000270
1790690481.676950,1.011000,-0.148000,-0.290000,0.2670,0.3100,3.2320,3.7530,37.62,27.1,8,0,0,-21.46,0.952064,-0.175126,-0.358989,0.2924,-0.0761,1.039059,1.038093,0.000268
1790690481.782943,1.039000,-0.156000,-0.298000,0.2670,0.3100,3.2320,3.7530,37.62,27.1,7,0,0,-22.05,0.979099,-0.185301,-0.368694,0.2896,-0.0807,1.040072,1.039087,0.000269
1790690481.875098,1.066000,-0.165000,-0.306000,0.2580,0.2920,3.1270,3.5440,37.62,27.1,6,0,0,-22.59,1.007692,-0.196376,-0.379118,0.2888,-0.0824,1.041156,1.040151,0.000274
1790690481.982623,1.091000,-0.173000,-0.313000,0.1980,0.2670,2.3980,3.2320,37.62,27.1,6,0,0,-23.05,1.032063,-0.206118,-0.388333,0.2788,-0.0727,1.042096,1.041076,0.000265
1790690482.083838,1.106000,-0.178000,-0.314000,0.1030,0.1380,1.2510,1.6680,37.62,27.1,5,0,0,-23.23,1.058659,-0.217000,-0.397529,0.2445,-0.1100,1.043196,1.042155,0.000274
1790690482.181623,1.114000,-0.180000,-0.324000,-0.0950,0.0000,-1.1470,0.0000,37.62,27.1,4,0,0,-23.01,1.078398,-0.225237,-0.402792,0.1534,-0.0819,1.044230,1.043172,0.000271
