# forward 0.3 m/s, 5 s
# started 2026-09-29 14:33:00
t_host,x,y,th,vL,vR,wL,wR,bat,temp,fb_age,wd,or,imu_yaw
1790688789.335483,0.000000,0.000000,0.000000,0.0000,0.0000,0.0000,0.0000,38.02,29.0,1,0,0,-0.75
1790688789.435722,0.000000,0.000000,0.000000,0.0000,0.0000,0.0000,0.0000,37.73,29.2,4,0,0,-0.67
1790688789.541042,0.004000,0.000000,0.014000,0.1810,0.0000,2.1890,0.0000,37.70,29.2,1,0,0,-0.94
1790688789.639923,0.029000,0.000000,-0.002000,0.2840,0.3180,3.4400,3.8570,37.70,29.4,2,0,0,-1.05
1790688789.742741,0.060000,0.000000,-0.000000,0.3100,0.3010,3.7530,3.6480,37.70,29.4,3,0,0,-1.03
1790688789.830481,0.091000,0.000000,0.003000,0.3100,0.2840,3.7530,3.4400,37.70,29.4,1,0,0,-0.89
1790688789.940393,0.120000,0.000000,0.007000,0.3010,0.2920,3.6480,3.5440,37.70,29.4,1,0,0,-0.86
1790688790.043200,0.150000,0.001000,0.008000,0.2920,0.2840,3.5440,3.4400,37.70,29.4,2,0,0,-0.89
1790688790.141365,0.178000,0.001000,0.009000,0.2920,0.2840,3.5440,3.4400,37.70,29.4,1,0,0,-0.89
1790688790.236040,0.208000,0.001000,0.010000,0.2920,0.2920,3.5440,3.5440,37.70,29.6,1,0,0,-0.92
1790688790.338063,0.237000,0.001000,0.011000,0.2920,0.2920,3.5440,3.5440,37.70,29.6,13,0,0,-1.00
1790688790.443322,0.266000,0.002000,0.012000,0.2920,0.2840,3.5440,3.4400,37.70,29.6,12,0,0,-1.02
1790688790.541168,0.295000,0.002000,0.014000,0.2920,0.2920,3.5440,3.5440,37.70,29.6,10,0,0,-1.03
1790688790.641947,0.324000,0.002000,0.015000,0.2920,0.2840,3.5440,3.4400,37.70,29.6,8,0,0,-1.00
1790688790.744839,0.353000,0.003000,0.017000,0.2920,0.2840,3.5440,3.4400,37.70,29.6,7,0,0,-0.97
1790688790.841352,0.382000,0.003000,0.020000,0.3010,0.2840,3.6480,3.4400,37.70,29.6,7,0,0,-0.95
1790688790.937015,0.411000,0.004000,0.022000,0.3010,0.2920,3.6480,3.5440,37.70,29.6,6,0,0,-0.92
1790688791.034296,0.441000,0.005000,0.023000,0.3010,0.2920,3.6480,3.5440,37.70,29.6,5,0,0,-0.93
1790688791.141356,0.470000,0.005000,0.024000,0.2920,0.2840,3.5440,3.4400,37.70,29.6,5,0,0,-0.94
1790688791.239369,0.499000,0.006000,0.025000,0.3010,0.3010,3.6480,3.6480,37.70,29.6,3,0,0,-0.98
1790688791.342906,0.529000,0.007000,0.026000,0.2920,0.2920,3.5440,3.5440,37.70,29.6,3,0,0,-0.93
1790688791.443309,0.558000,0.008000,0.027000,0.2840,0.2670,3.4400,3.2320,37.70,29.6,3,0,0,-0.98
1790688791.535980,0.584000,0.008000,0.028000,0.2060,0.2490,2.5020,3.0230,37.70,29.6,2,0,0,-1.13
1790688791.638644,0.601000,0.009000,0.028000,0.0950,0.1030,1.1470,1.2510,37.70,29.6,1,0,0,-1.28
1790688791.742446,0.607000,0.009000,0.020000,-0.0860,-0.1120,-1.0420,-1.3550,37.70,29.4,1,0,0,-1.33
